"""id""","""text""","""url""","""style"""
"""automatic-cat-feeders-litter""","""Return to Automatic Cat Feeders and Self-Cleaning Litter Boxes""","""/blog/category/automatic-cat-feeders-litter/dry-cat-food""","""color: #FFAC1C;"""
"""dog-feeders-treats""","""Return to Automatic Dog Feeders and Treat Dispensers.""","""/blog/category/dog-feeders-treats""","""color: #FFAC1C;"""
"""dog-feeders-treats1""","""Return to Automatic Dog Feeders and Treat Dispensers.""","""/blog/category/dog-feeders-treats""","""color: #FFAC1C;"""
"""dog-food""","""Return to Automatic Dog Feeders and Treat Dispensers.""","""/blog/category/dog-feeders-treats""","""color: #FFAC1C;"""
"""dog-food1""","""Return to Automatic Dog Feeders and Treat Dispensers.""","""/blog/category/dog-feeders-treats""","""color: #FFAC1C;"""
"""dog-food10""","""Return to Automatic Dog Feeders and Treat Dispensers.""","""/blog/category/dog-feeders-treats""","""color: #FFAC1C;"""
"""dog-food11""","""Return to Automatic Dog Feeders and Treat Dispensers.""","""/blog/category/dog-feeders-treats""","""color: #FFAC1C;"""
"""dog-food12""","""Return to Automatic Dog Feeders and Treat Dispensers.""","""/blog/category/dog-feeders-treats""","""color: #FFAC1C;"""
"""dog-food13""","""Return to Automatic Dog Feeders and Treat Dispensers.""","""/blog/category/dog-feeders-treats""","""color: #FFAC1C;"""
"""dog-food14""","""Return to Automatic Dog Feeders and Treat Dispensers.""","""/blog/category/dog-feeders-treats""","""color: #FFAC1C;"""
"""dog-food15""","""Return to Automatic Dog Feeders and Treat Dispensers.""","""/blog/category/dog-feeders-treats""","""color: #FFAC1C;"""
"""dog-food16""","""Return to Automatic Dog Feeders and Treat Dispensers.""","""/blog/category/dog-feeders-treats""","""color: #FFAC1C;"""
"""dog-food17""","""Return to Automatic Dog Feeders and Treat Dispensers.""","""/blog/category/dog-feeders-treats""","""color: #FFAC1C;"""
"""dog-food18""","""Return to Automatic Dog Feeders and Treat Dispensers.""","""/blog/category/dog-feeders-treats""","""color: #FFAC1C;"""
"""dog-food19""","""Return to Automatic Dog Feeders and Treat Dispensers.""","""/blog/category/dog-feeders-treats""","""color: #FFAC1C;"""
"""dog-food2""","""Return to Automatic Dog Feeders and Treat Dispensers.""","""/blog/category/dog-feeders-treats""","""color: #FFAC1C;"""
"""dog-food20""","""Return to Automatic Dog Feeders and Treat Dispensers.""","""/blog/category/dog-feeders-treats""","""color: #FFAC1C;"""
"""dog-food21""","""Return to Automatic Dog Feeders and Treat Dispensers.""","""/blog/category/dog-feeders-treats""","""color: #FFAC1C;"""
"""dog-food22""","""Return to Automatic Dog Feeders and Treat Dispensers.""","""/blog/category/dog-feeders-treats""","""color: #FFAC1C;"""
"""dog-food23""","""Return to Automatic Dog Feeders and Treat Dispensers.""","""/blog/category/dog-feeders-treats""","""color: #FFAC1C;"""
"""dog-food24""","""Return to Automatic Dog Feeders and Treat Dispensers.""","""/blog/category/dog-feeders-treats""","""color: #FFAC1C;"""
"""dog-food25""","""Return to Automatic Dog Feeders and Treat Dispensers.""","""/blog/category/dog-feeders-treats""","""color: #FFAC1C;"""
"""dog-food26""","""Return to Automatic Dog Feeders and Treat Dispensers.""","""/blog/category/dog-feeders-treats""","""color: #FFAC1C;"""
"""dog-food27""","""Return to Automatic Dog Feeders and Treat Dispensers.""","""/blog/category/dog-feeders-treats""","""color: #FFAC1C;"""
"""dog-food28""","""Return to Automatic Dog Feeders and Treat Dispensers.""","""/blog/category/dog-feeders-treats""","""color: #FFAC1C;"""
"""dog-food29""","""Return to Automatic Dog Feeders and Treat Dispensers.""","""/blog/category/dog-feeders-treats""","""color: #FFAC1C;"""
"""dog-food3""","""Return to Automatic Dog Feeders and Treat Dispensers.""","""/blog/category/dog-feeders-treats""","""color: #FFAC1C;"""
"""dog-food30""","""Return to Automatic Dog Feeders and Treat Dispensers.""","""/blog/category/dog-feeders-treats""","""color: #FFAC1C;"""
"""dog-food31""","""Return to Automatic Dog Feeders and Treat Dispensers.""","""/blog/category/dog-feeders-treats""","""color: #FFAC1C;"""
"""dog-food32""","""Return to Automatic Dog Feeders and Treat Dispensers.""","""/blog/category/dog-feeders-treats""","""color: #FFAC1C;"""
"""dog-food33""","""Return to Automatic Dog Feeders and Treat Dispensers.""","""/blog/category/dog-feeders-treats""","""color: #FFAC1C;"""
"""dog-food34""","""Return to Automatic Dog Feeders and Treat Dispensers.""","""/blog/category/dog-feeders-treats""","""color: #FFAC1C;"""
"""dog-food4""","""Return to Automatic Dog Feeders and Treat Dispensers.""","""/blog/category/dog-feeders-treats""","""color: #FFAC1C;"""
"""dog-food5""","""Return to Automatic Dog Feeders and Treat Dispensers.""","""/blog/category/dog-feeders-treats""","""color: #FFAC1C;"""
"""dog-food6""","""Return to Automatic Dog Feeders and Treat Dispensers.""","""/blog/category/dog-feeders-treats""","""color: #FFAC1C;"""
"""dog-food7""","""Return to Automatic Dog Feeders and Treat Dispensers.""","""/blog/category/dog-feeders-treats""","""color: #FFAC1C;"""
"""dog-food8""","""Return to Automatic Dog Feeders and Treat Dispensers.""","""/blog/category/dog-feeders-treats""","""color: #FFAC1C;"""
"""dog-food9""","""Return to Automatic Dog Feeders and Treat Dispensers.""","""/blog/category/dog-feeders-treats""","""color: #FFAC1C;"""
"""dry-cat-food""","""Return to Automatic Cat Feeders and Self-Cleaning Litter Boxes.""","""/blog/category/automatic-cat-feeders-litter""","""color: #FFAC1C;"""
"""dry-cat-food1""","""Return to Automatic Cat Feeders and Self-Cleaning Litter Boxes.""","""/blog/category/automatic-cat-feeders-litter""","""color: #FFAC1C;"""
"""dry-cat-food10""","""Return to Automatic Cat Feeders and Self-Cleaning Litter Boxes.""","""/blog/category/automatic-cat-feeders-litter""","""color: #FFAC1C;"""
"""dry-cat-food11""","""Return to Automatic Cat Feeders and Self-Cleaning Litter Boxes.""","""/blog/category/automatic-cat-feeders-litter""","""color: #FFAC1C;"""
"""dry-cat-food12""","""Return to Automatic Cat Feeders and Self-Cleaning Litter Boxes.""","""/blog/category/automatic-cat-feeders-litter""","""color: #FFAC1C;"""
"""dry-cat-food13""","""Return to Automatic Cat Feeders and Self-Cleaning Litter Boxes.""","""/blog/category/automatic-cat-feeders-litter""","""color: #FFAC1C;"""
"""dry-cat-food14""","""Return to Automatic Cat Feeders and Self-Cleaning Litter Boxes.""","""/blog/category/automatic-cat-feeders-litter""","""color: #FFAC1C;"""
"""dry-cat-food15""","""Return to Automatic Cat Feeders and Self-Cleaning Litter Boxes.""","""/blog/category/automatic-cat-feeders-litter""","""color: #FFAC1C;"""
"""dry-cat-food16""","""Return to Automatic Cat Feeders and Self-Cleaning Litter Boxes.""","""/blog/category/automatic-cat-feeders-litter""","""color: #FFAC1C;"""
"""dry-cat-food17""","""Return to Automatic Cat Feeders and Self-Cleaning Litter Boxes.""","""/blog/category/automatic-cat-feeders-litter""","""color: #FFAC1C;"""
"""dry-cat-food18""","""Return to Automatic Cat Feeders and Self-Cleaning Litter Boxes.""","""/blog/category/automatic-cat-feeders-litter""","""color: #FFAC1C;"""
"""dry-cat-food19""","""Return to Automatic Cat Feeders and Self-Cleaning Litter Boxes.""","""/blog/category/automatic-cat-feeders-litter""","""color: #FFAC1C;"""
"""dry-cat-food2""","""Return to Automatic Cat Feeders and Self-Cleaning Litter Boxes.""","""/blog/category/automatic-cat-feeders-litter""","""color: #FFAC1C;"""
"""dry-cat-food20""","""Return to Automatic Cat Feeders and Self-Cleaning Litter Boxes.""","""/blog/category/automatic-cat-feeders-litter""","""color: #FFAC1C;"""
"""dry-cat-food21""","""Return to Automatic Cat Feeders and Self-Cleaning Litter Boxes.""","""/blog/category/automatic-cat-feeders-litter""","""color: #FFAC1C;"""
"""dry-cat-food22""","""Return to Automatic Cat Feeders and Self-Cleaning Litter Boxes.""","""/blog/category/automatic-cat-feeders-litter""","""color: #FFAC1C;"""
"""dry-cat-food23""","""Return to Automatic Cat Feeders and Self-Cleaning Litter Boxes.""","""/blog/category/automatic-cat-feeders-litter""","""color: #FFAC1C;"""
"""dry-cat-food24""","""Return to Automatic Cat Feeders and Self-Cleaning Litter Boxes.""","""/blog/category/automatic-cat-feeders-litter""","""color: #FFAC1C;"""
"""dry-cat-food25""","""Return to Automatic Cat Feeders and Self-Cleaning Litter Boxes.""","""/blog/category/automatic-cat-feeders-litter""","""color: #FFAC1C;"""
"""dry-cat-food26""","""Return to Automatic Cat Feeders and Self-Cleaning Litter Boxes.""","""/blog/category/automatic-cat-feeders-litter""","""color: #FFAC1C;"""
"""dry-cat-food27""","""Return to Automatic Cat Feeders and Self-Cleaning Litter Boxes.""","""/blog/category/automatic-cat-feeders-litter""","""color: #FFAC1C;"""
"""dry-cat-food28""","""Return to Automatic Cat Feeders and Self-Cleaning Litter Boxes.""","""/blog/category/automatic-cat-feeders-litter""","""color: #FFAC1C;"""
"""dry-cat-food29""","""Return to Automatic Cat Feeders and Self-Cleaning Litter Boxes.""","""/blog/category/automatic-cat-feeders-litter""","""color: #FFAC1C;"""
"""dry-cat-food3""","""Return to Automatic Cat Feeders and Self-Cleaning Litter Boxes.""","""/blog/category/automatic-cat-feeders-litter""","""color: #FFAC1C;"""
"""dry-cat-food30""","""Return to Automatic Cat Feeders and Self-Cleaning Litter Boxes.""","""/blog/category/automatic-cat-feeders-litter""","""color: #FFAC1C;"""
"""dry-cat-food31""","""Return to Automatic Cat Feeders and Self-Cleaning Litter Boxes.""","""/blog/category/automatic-cat-feeders-litter""","""color: #FFAC1C;"""
"""dry-cat-food32""","""Return to Automatic Cat Feeders and Self-Cleaning Litter Boxes.""","""/blog/category/automatic-cat-feeders-litter""","""color: #FFAC1C;"""
"""dry-cat-food33""","""Return to Automatic Cat Feeders and Self-Cleaning Litter Boxes.""","""/blog/category/automatic-cat-feeders-litter""","""color: #FFAC1C;"""
"""dry-cat-food34""","""Return to Automatic Cat Feeders and Self-Cleaning Litter Boxes.""","""/blog/category/automatic-cat-feeders-litter""","""color: #FFAC1C;"""
"""dry-cat-food35""","""Return to Automatic Cat Feeders and Self-Cleaning Litter Boxes.""","""/blog/category/automatic-cat-feeders-litter""","""color: #FFAC1C;"""
"""dry-cat-food4""","""Return to Automatic Cat Feeders and Self-Cleaning Litter Boxes.""","""/blog/category/automatic-cat-feeders-litter""","""color: #FFAC1C;"""
"""dry-cat-food5""","""Return to Automatic Cat Feeders and Self-Cleaning Litter Boxes.""","""/blog/category/automatic-cat-feeders-litter""","""color: #FFAC1C;"""
"""dry-cat-food6""","""Return to Automatic Cat Feeders and Self-Cleaning Litter Boxes.""","""/blog/category/automatic-cat-feeders-litter""","""color: #FFAC1C;"""
"""dry-cat-food7""","""Return to Automatic Cat Feeders and Self-Cleaning Litter Boxes.""","""/blog/category/automatic-cat-feeders-litter""","""color: #FFAC1C;"""
"""dry-cat-food8""","""Return to Automatic Cat Feeders and Self-Cleaning Litter Boxes.""","""/blog/category/automatic-cat-feeders-litter""","""color: #FFAC1C;"""
"""dry-cat-food9""","""Return to Automatic Cat Feeders and Self-Cleaning Litter Boxes.""","""/blog/category/automatic-cat-feeders-litter""","""color: #FFAC1C;"""
"""smart-pet-supplies""","""Return to Smart Pet Supplies.""","""/blog/category/smart-pet-supplies""","""color: #FFAC1C;"""
"""smart-pet-supplies""","""Return to Smart Pet Supplies.""","""/blog/category/smart-pet-supplies""","""color: #FFAC1C;"""
"""smart-pet-supplies1""","""Return to Smart Pet Supplies.""","""/blog/category/smart-pet-supplies""","""color: #FFAC1C;"""
"""smart-pet-supplies2""","""Return to Smart Pet Supplies.""","""/blog/category/smart-pet-supplies""","""color: #FFAC1C;"""
"""smart-pet-supplies3""","""Return to Smart Pet Supplies.""","""/blog/category/smart-pet-supplies""","""color: #FFAC1C;"""
"""smart-pet-supplies4""","""Return to Smart Pet Supplies.""","""/blog/category/smart-pet-supplies""","""color: #FFAC1C;"""
"""smart-pet-supplies5""","""Return to Smart Pet Supplies.""","""/blog/category/smart-pet-supplies""","""color: #FFAC1C;"""
"""smart-pet-supplies6""","""Return to Smart Pet Supplies.""","""/blog/category/smart-pet-supplies""","""color: #FFAC1C;"""
"""wet-cat-food""","""Return to Automatic Cat Feeders and Self-Cleaning Litter Boxes.""","""""/blog/category/automatic-cat-feeders-litter""""","""color: #FFAC1C;"""
"""wet-cat-food1""","""Return to Automatic Cat Feeders and Self-Cleaning Litter Boxes.""","""""/blog/category/automatic-cat-feeders-litter""""","""color: #FFAC1C;"""
"""wet-cat-food10""","""Return to Automatic Cat Feeders and Self-Cleaning Litter Boxes.""","""""/blog/category/automatic-cat-feeders-litter""""","""color: #FFAC1C;"""
"""wet-cat-food11""","""Return to Automatic Cat Feeders and Self-Cleaning Litter Boxes.""","""""/blog/category/automatic-cat-feeders-litter""""","""color: #FFAC1C;"""
"""wet-cat-food12""","""Return to Automatic Cat Feeders and Self-Cleaning Litter Boxes.""","""""/blog/category/automatic-cat-feeders-litter""""","""color: #FFAC1C;"""
"""wet-cat-food13""","""Return to Automatic Cat Feeders and Self-Cleaning Litter Boxes.""","""""/blog/category/automatic-cat-feeders-litter""""","""color: #FFAC1C;"""
"""wet-cat-food2""","""Return to Automatic Cat Feeders and Self-Cleaning Litter Boxes.""","""""/blog/category/automatic-cat-feeders-litter""""","""color: #FFAC1C;"""
"""wet-cat-food3""","""Return to Automatic Cat Feeders and Self-Cleaning Litter Boxes.""","""""/blog/category/automatic-cat-feeders-litter""""","""color: #FFAC1C;"""
"""wet-cat-food4""","""Return to Automatic Cat Feeders and Self-Cleaning Litter Boxes.""","""""/blog/category/automatic-cat-feeders-litter""""","""color: #FFAC1C;"""
"""wet-cat-food5""","""Return to Automatic Cat Feeders and Self-Cleaning Litter Boxes.""","""""/blog/category/automatic-cat-feeders-litter""""","""color: #FFAC1C;"""
"""wet-cat-food6""","""Return to Automatic Cat Feeders and Self-Cleaning Litter Boxes.""","""""/blog/category/automatic-cat-feeders-litter""""","""color: #FFAC1C;"""
"""wet-cat-food7""","""Return to Automatic Cat Feeders and Self-Cleaning Litter Boxes.""","""""/blog/category/automatic-cat-feeders-litter""""","""color: #FFAC1C;"""
"""wet-cat-food8""","""Return to Automatic Cat Feeders and Self-Cleaning Litter Boxes.""","""""/blog/category/automatic-cat-feeders-litter""""","""color: #FFAC1C;"""
"""wet-cat-food9""","""Return to Automatic Cat Feeders and Self-Cleaning Litter Boxes.""","""""/blog/category/automatic-cat-feeders-litter""""","""color: #FFAC1C;"""